{
  "exercise_name": "No \u201cDoming\u201d abdominal stability with leg lift",
   "ideal_camera_distance": {
    "min_z": -0.2246,
    "max_z": 0.0347,
    "mean_z": -0.0063
  },

 "steps": [
    {
      "step_number": 1,
      "step_name": "start_position",
      "start_time": 0.0,
      "end_time": 10.0,
      "criteria": {
        "ankle_height": {
          "min": 0.2585955545195994,
          "max": 0.4494991082068814,
          "mean": 0.3540473313632404,
          "std": 0.04772588842182049
        },
        "head_tilt_angle": {
          "min": 23.433263449560506,
          "max": 52.94475946627541,
          "mean": 38.18901145791796,
          "std": 7.377874004178725
        },
        "hip_height": {
          "min": 0.34161702491236123,
          "max": 0.5254354969339111,
          "mean": 0.4335262609231362,
          "std": 0.04595461800538748
        },
        "hip_width": {
          "min": 0.02826649023183378,
          "max": 0.09430939229904187,
          "mean": 0.06128794126543782,
          "std": 0.01651072551680202
        },
        "knee_height": {
          "min": 0.11547921607498206,
          "max": 0.3156158912595362,
          "mean": 0.21554755366725914,
          "std": 0.05003416879613854
        },
        "left_ankle_angle": {
          "min": 70.41542474279801,
          "max": 77.34758073401794,
          "mean": 73.88150273840797,
          "std": 1.7330389978049832
        },
        "left_elbow_angle": {
          "min": 110.42204529773711,
          "max": 146.8591976430707,
          "mean": 128.64062147040391,
          "std": 9.109288086333398
        },
        "left_hip_angle": {
          "min": 104.38486538040468,
          "max": 125.99761496615707,
          "mean": 115.19124017328087,
          "std": 5.403187396438098
        },
        "left_knee_angle": {
          "min": 57.95205879761941,
          "max": 76.22271442543048,
          "mean": 67.08738661152495,
          "std": 4.567663906952769
        },
        "left_shoulder_angle": {
          "min": 24.170516823492793,
          "max": 45.04095477659834,
          "mean": 34.605735800045565,
          "std": 5.217609488276386
        },
        "right_ankle_angle": {
          "min": 73.4731064938665,
          "max": 81.25181183728408,
          "mean": 77.36245916557529,
          "std": 1.9446763358543944
        },
        "right_elbow_angle": {
          "min": 130.59835842871104,
          "max": 169.3966927480697,
          "mean": 149.99752558839037,
          "std": 9.699583579839663
        },
        "right_hip_angle": {
          "min": 83.3042529965507,
          "max": 100.7533561505667,
          "mean": 92.0288045735587,
          "std": 4.362275788503999
        },
        "right_knee_angle": {
          "min": 44.08479688921943,
          "max": 60.48482396478896,
          "mean": 52.284810427004196,
          "std": 4.100006768892383
        },
        "right_shoulder_angle": {
          "min": 48.02067160012572,
          "max": 72.85621411988484,
          "mean": 60.43844286000528,
          "std": 6.208885629939781
        },
        "shoulder_height": {
          "min": 0.5746733808510589,
          "max": 0.7448299492943351,
          "mean": 0.659751665072697,
          "std": 0.04253914211081903
        },
        "shoulder_width": {
          "min": 0.08695310462295813,
          "max": 0.15050531557653327,
          "mean": 0.1187292100997457,
          "std": 0.01588805273839378
        },
        "spine_angle": {
          "min": 156.68122211202055,
          "max": 170.88460978411015,
          "mean": 163.78291594806535,
          "std": 3.5508469180224056
        },
        "torso_angle": {
          "min": 147.71004536264311,
          "max": 162.18933757656194,
          "mean": 154.94969146960253,
          "std": 3.619823053479701
        }
      },
       "back_flat": {
          "max_deviation": 0,
          "should_be_flat": false
        }
    },
    {
      "step_number": 2,
      "step_name": "lay on your back",
      "start_time": 12.0,
      "end_time": 60.0,
      "criteria": {
        "ankle_height": {
          "min": 0.2024440438530439,
          "max": 0.36850525250396826,
          "mean": 0.2854746481785061,
          "std": 0.041515302162731096
        },
        "head_tilt_angle": {
          "min": 13.2113072212449,
          "max": 43.881570461684625,
          "mean": 28.546438841464763,
          "std": 7.667565810109932
        },
        "hip_height": {
          "min": 0.2047137938383599,
          "max": 0.42159594293587,
          "mean": 0.3131548683871149,
          "std": 0.05422053727437752
        },
        "hip_width": {
          "min": -0.008183150416035657,
          "max": 0.055599250004914384,
          "mean": 0.023708049794439363,
          "std": 0.01594560010523751
        },
        "knee_height": {
          "min": 0.3298631485731126,
          "max": 0.5971860792749071,
          "mean": 0.46352461392400984,
          "std": 0.06683073267544863
        },
        "left_ankle_angle": {
          "min": 114.59548411802382,
          "max": 195.26619958701508,
          "mean": 154.93084185251945,
          "std": 20.167678867247812
        },
        "left_elbow_angle": {
          "min": 135.42619166005153,
          "max": 185.7755937282667,
          "mean": 160.6008926941591,
          "std": 12.587350517053798
        },
        "left_hip_angle": {
          "min": 78.3063275082886,
          "max": 151.65808937569062,
          "mean": 114.98220844198961,
          "std": 18.337940466850505
        },
        "left_knee_angle": {
          "min": 28.24372133656131,
          "max": 60.46886345629275,
          "mean": 44.35629239642703,
          "std": 8.05628552993286
        },
        "left_shoulder_angle": {
          "min": -1.9260416261835687,
          "max": 47.14799978757486,
          "mean": 22.610979080695646,
          "std": 12.268510353439607
        },
        "right_ankle_angle": {
          "min": 120.88571456263051,
          "max": 187.22070491449963,
          "mean": 154.05320973856507,
          "std": 16.583747587967284
        },
        "right_elbow_angle": {
          "min": 88.52581505773875,
          "max": 147.81011521214586,
          "mean": 118.1679651349423,
          "std": 14.821075038601773
        },
        "right_hip_angle": {
          "min": 74.19801831306427,
          "max": 146.71919389579685,
          "mean": 110.45860610443056,
          "std": 18.130293895683145
        },
        "right_knee_angle": {
          "min": 21.00115539448571,
          "max": 62.15452213287806,
          "mean": 41.57783876368188,
          "std": 10.288341684598086
        },
        "right_shoulder_angle": {
          "min": 52.74957060547939,
          "max": 115.82339266494839,
          "mean": 84.28648163521389,
          "std": 15.768455514867247
        },
        "shoulder_height": {
          "min": 0.1322945206854898,
          "max": 0.5506629106939476,
          "mean": 0.34147871568971866,
          "std": 0.10459209750211443
        },
        "shoulder_width": {
          "min": -0.007667747174878489,
          "max": 0.08228177714256218,
          "mean": 0.03730701498384185,
          "std": 0.02248738107936017
        },
        "spine_angle": {
          "min": 93.9483248218051,
          "max": 150.73319894994464,
          "mean": 122.34076188587487,
          "std": 14.196218532034882
        },
        "torso_angle": {
          "min": 116.67467350095296,
          "max": 164.99223557279458,
          "mean": 140.83345453687377,
          "std": 12.079390517960402
        }
      },
       "back_flat": {
          "max_deviation": 0.1100477255259951,
          "should_be_flat": true
        }
    },
    {
      "step_number": 3,
      "step_name": "lift your leg up",
      "start_time": 62.0,
      "end_time": 90.0,