{
  "exercise_name": "No \u201cDoming\u201d abdominal stability with leg lift",
  "steps": [
    {
      "step_number": 1,
      "step_name": "start_position",
      "criteria": {
        "hip_angle": {
          "min": 104.06135208763456,
          "max": 126.46556265546064
        },
        "knee_angle": {
          "expected": 67.01727343392439
        },
        "ankle_height": {
          "min": 0.2574016883560945,
          "expected": 0.36133475277868865
        }
      }
    },
    {
      "step_number": 2,
      "step_name": "lay on your back",
      "criteria": {
        "hip_angle": {
          "min": 78.34090145864505,
          "max": 151.42510286398854
        },
        "knee_angle": {
          "expected": 44.25208467661596
        },
        "ankle_height": {
          "min": 0.16124388716861315,
          "expected": 0.25867270547141435
        }
      }
    },
    {
      "step_number": 3,
      "step_name": "lift your leg up",
      "criteria": {
        "hip_angle": {
          "min": 106.77846686738636,
          "max": 135.04256861581612
        },
        "knee_angle": {
          "expected": 37.95743856744689
        },
        "ankle_height": {
          "min": 0.1767223791477256,
          "expected": 0.26562406481510714
        }
      }
    },
    {
      "step_number": 4,
      "step_name": "lower your leg and lay on the back",
      "criteria": {
        "hip_angle": {
          "min": 105.22974514828599,
          "max": 132.54616587788198
        },
        "knee_angle": {
          "expected": 44.66966950597043
        },
        "ankle_height": {
          "min": 0.17247450968543804,
          "expected": 0.260073685532824
        }
      }
    }
  ]
}