{
  "exercise_name": "No \u201cDoming\u201d abdominal stability with leg lift",
  "steps": [
    {
      "step_number": 1,
      "step_name": "start_position",
      "start_time": 0.0,
      "end_time": 10.0,
      "criteria": {
        "hip_angle": {
          "min": 106.99916125138986,
          "max": 123.64020437541245
        },
        "knee_angle": {
          "expected": 67.16465833561644
        },
        "ankle_height": {
          "min": 0.21024947939900984,
          "expected": 0.35617065218119004
        }
      }
    },
    {
      "step_number": 2,
      "step_name": "lay on your back",
      "start_time": 12.0,
      "end_time": 60.0,
      "criteria": {
        "hip_angle": {
          "min": 79.53445331528519,
          "max": 150.58367192689056
        },
        "knee_angle": {
          "expected": 44.28057811510853
        },
        "ankle_height": {
          "min": 0.13965549643875885,
          "expected": 0.2579660037379799
        }
      }
    },
    {
      "step_number": 3,
      "step_name": "lift your leg up",
      "start_time": 62.0,
      "end_time": 90.0,
      "criteria": {
        "hip_angle": {
          "min": 111.38561588648162,
          "max": 130.6657805460151
        },
        "knee_angle": {
          "expected": 37.895223470258216
        },
        "ankle_height": {
          "min": 0.15312739461753622,
          "expected": 0.26520293211056734
        }
      }
    },
    {
      "step_number": 4,
      "step_name": "lower your leg and lay on the back",
      "start_time": 91.0,
      "end_time": 99.0,
      "criteria": {
        "hip_angle": {
          "min": 109.34661004993694,
          "max": 128.08016684309084
        },
        "knee_angle": {
          "expected": 44.70310591935586
        },
        "ankle_height": {
          "min": 0.15100518109539804,
          "expected": 0.26033088488341716
        }
      }
    }
  ]
}